{"aaa": 10.111, "bbb": 8.918543577194214, "ccc": 10.063504457473755, "ddd": 9.050431489944458}